{
  "version": "1.0",
  "defaultProvider": "cdnjs",
  "libraries": [
    {
      "library": "jquery-validation-unobtrusive@4.0.0",
      "destination": "wwwroot/lib/jquery-validation-unobtrusive/"
    },
    {
      "library": "jquery@3.6.4",
      "destination": "wwwroot/lib/jquery/"
    },
    {
      "library": "bootstrap@5.2.3",
      "destination": "wwwroot/lib/bootstrap/"
    },
    {
      "library": "moment.js@2.29.4",
      "destination": "wwwroot/lib/moment.js/"
    },
    {
      "library": "popper.js@2.11.7",
      "destination": "wwwroot/lib/popper.js/"
    },
    {
      "library": "bootstrap-select@1.14.0-beta2",
      "destination": "wwwroot/lib/bootstrap-select/"
    },
    {
      "library": "toastr.js@2.1.4",
      "destination": "wwwroot/lib/toastr.js/"
    },
    {
      "library": "bootbox.js@6.0.0",
      "destination": "wwwroot/lib/bootbox.js/"
    },
    {
      "library": "jquery-validate@1.19.5",
      "destination": "wwwroot/lib/jquery-validate/",
      "files": [
        "jquery.validate.min.js",
        "additional-methods.min.js"
      ]
    },
    {
      "library": "bootstrap-icons@1.10.5",
      "destination": "wwwroot/lib/bootstrap-icons/",
      "files": [
        "font/fonts/bootstrap-icons.woff",
        "font/fonts/bootstrap-icons.woff2",
        "font/bootstrap-icons.css",
        "font/bootstrap-icons.json",
        "font/bootstrap-icons.min.css"
      ]
    },
    {
      "library": "jquery.blockUI@2.70",
      "destination": "wwwroot/lib/jquery.blockUI/"
    },
    {
      "library": "aos@2.3.4",
      "destination": "wwwroot/lib/aos/"
    },
    {
      "library": "apexcharts@3.42.0",
      "destination": "wwwroot/lib/apexcharts/"
    }
  ]
}